Timestamp,Group Index,Interaction Area,Centroid X,Centroid Y,Group Radius,Person Index,Person X,Person Y,Person Orientation,Runtime
1739521781,0,0.0,0.29369231770373344,0.9126654373164577,1.1874535083770752,0,2.261117696762085,-0.41753047704696655,145.93698225432396,0.12688517570495605
1739521781,0,0.0,0.29369231770373344,0.9126654373164577,1.1874535083770752,1,2.6962945461273193,0.04317600280046463,160.10506951328878,0.12688517570495605
1739521781,0,0.0,0.4982879216452856,0.8565977026019579,1.0871855020523071,0,2.260118007659912,-0.4177037179470062,144.12243077976694,0.008999999612569809
1739521781,0,0.0,0.4982879216452856,0.8565977026019579,1.0871855020523071,1,2.6938822269439697,0.044919274747371674,159.71139943720203,0.008999999612569809
1739521781,0,0.0,-0.08622386403444803,1.1579633409737595,1.4098961353302002,0,2.2537648677825928,-0.41546645760536194,146.08275326226877,0.10249161720275879
1739521781,0,0.0,-0.08622386403444803,1.1579633409737595,1.4098961353302002,1,2.697294235229492,0.04178991913795471,158.1495220499933,0.10249161720275879
1739521781,0,0.0,0.39760165320415586,1.0666596934832648,0.923774778842926,0,2.191235303878784,0.6235823631286621,104.85735545715923,0.10819792747497559
1739521781,0,0.0,0.39760165320415586,1.0666596934832648,0.923774778842926,1,2.696117639541626,0.03644965589046478,155.85776247781104,0.10819792747497559
1739521781,0,0.0,0.39760165320415586,1.0666596934832648,0.923774778842926,2,2.2542941570281982,-0.41469788551330566,141.41546944779944,0.10819792747497559
1739521782,0,0.0,-0.1440712637428921,1.200296077295039,1.5370795726776123,0,2.7005884647369385,0.03480643779039383,157.72052615824816,0.11019778251647949
1739521782,0,0.0,-0.1440712637428921,1.200296077295039,1.5370795726776123,1,2.264059066772461,-0.41395753622055054,146.16467656910802,0.11019778251647949
1739521782,0,0.0,-0.11922928815590272,1.2172984285389172,1.4403234720230103,0,2.258235454559326,-0.4092894494533539,145.6212725901696,0.10401320457458496
1739521782,0,0.0,-0.11922928815590272,1.2172984285389172,1.4403234720230103,1,2.6914706230163574,0.03982338309288025,157.269926686719,0.10401320457458496
1739521782,0,0.0,0.6418851658801964,0.8307427726141441,1.0228774547576904,0,2.268235445022583,-0.41026416420936584,142.65410455967347,0.009999999776482582
1739521782,0,0.0,0.6418851658801964,0.8307427726141441,1.0228774547576904,1,2.691941261291504,0.040724217891693115,158.92511528341822,0.009999999776482582
1739521783,0,0.0,-0.05641324290455634,1.2074400370172895,1.4144662618637085,0,2.2656471729278564,-0.4083862006664276,145.16753256949156,0.007000000216066837
1739521783,0,0.0,-0.05641324290455634,1.2074400370172895,1.4144662618637085,1,2.6935882568359375,0.04127689450979233,157.02018569456087,0.007000000216066837
1739521783,0,0.0,-0.04062774712145933,1.1126148717948412,1.3817473649978638,0,2.267176628112793,-0.40756356716156006,146.62662416529963,0.009999999776482582
1739521783,0,0.0,-0.04062774712145933,1.1126148717948412,1.3817473649978638,1,2.6864705085754395,0.0408455990254879,158.5448155094397,0.009999999776482582
1739521783,0,0.0,0.08825814505147109,1.06393607946818,1.3160475492477417,0,2.2697651386260986,-0.40880024433135986,145.97669684569172,0.00800000037997961
1739521783,0,0.0,0.08825814505147109,1.06393607946818,1.3160475492477417,1,2.687059164047241,0.04156219959259033,158.52521767447345,0.00800000037997961
1739521783,0,0.0,-0.17984098928307085,1.1783274513235567,1.4570285081863403,0,2.265000343322754,-0.4073834717273712,147.03277521503588,0.00800000037997961
1739521783,0,0.0,-0.17984098928307085,1.1783274513235567,1.4570285081863403,1,2.6855294704437256,0.042162999510765076,158.37089539437062,0.00800000037997961
1739521783,0,0.0,0.12812726119864346,1.0175866686111472,1.284074068069458,0,2.265470504760742,-0.4061930179595947,146.33064542925254,0.00800000037997961
1739521783,0,0.0,0.12812726119864346,1.0175866686111472,1.284074068069458,1,2.6978237628936768,0.0446845144033432,159.26304059158403,0.00800000037997961
1739521784,0,0.0,0.12729462198462596,1.014604352324307,1.285376787185669,0,2.2700002193450928,-0.40581342577934265,146.45926329992608,0.10366582870483398
1739521784,0,0.0,0.12729462198462596,1.014604352324307,1.285376787185669,1,2.681999921798706,0.044161729514598846,159.1999781450624,0.10366582870483398
1739521785,0,0.0,0.12702686079576483,0.9547231203368698,1.2685679197311401,0,2.2684707641601562,-0.40589308738708496,147.56921421743678,0.013000000268220901
1739521785,0,0.0,0.12702686079576483,0.9547231203368698,1.2685679197311401,1,2.6876471042633057,0.0465569794178009,160.47211057508284,0.013000000268220901
1739521785,0,0.0,-0.1745872990236164,1.1562724367221404,1.5317447185516357,0,2.680882453918457,0.04665062204003334,158.76411297840534,0.10069799423217773
1739521785,0,0.0,-0.1745872990236164,1.1562724367221404,1.5317447185516357,1,2.26305890083313,-0.403768926858902,147.38162742483857,0.10069799423217773
1739521786,0,0.0,0.32615702424247034,0.8960279723362046,1.1614928245544434,0,2.25494122505188,-0.3985970914363861,146.12997371589407,0.010999999940395355
1739521786,0,0.0,0.32615702424247034,0.8960279723362046,1.1614928245544434,1,2.6730589866638184,0.047478996217250824,160.12196942007293,0.010999999940395355
1739521786,0,0.0,-0.038384807364651496,1.0728916121927947,1.3671488761901855,0,2.2655887603759766,-0.3995521366596222,147.41780883344654,0.007000000216066837
1739521786,0,0.0,-0.038384807364651496,1.0728916121927947,1.3671488761901855,1,2.6856470108032227,0.04855917766690254,159.39196162686068,0.007000000216066837
1739521786,0,0.0,-0.04534883315700486,1.0811501575485454,1.3706613779067993,0,2.262059211730957,-0.39895740151405334,147.32149419937716,0.00800000037997961
1739521786,0,0.0,-0.04534883315700486,1.0811501575485454,1.3706613779067993,1,2.6835882663726807,0.04709996283054352,159.2472751177796,0.00800000037997961
1739521786,0,0.0,-0.058606172827484274,1.1389952710545643,1.3925626277923584,0,2.264000177383423,-0.3980219066143036,146.50484501522394,0.007000000216066837
1739521786,0,0.0,-0.058606172827484274,1.1389952710545643,1.3925626277923584,1,2.6833531856536865,0.048014670610427856,158.30320298934618,0.007000000216066837
1739521786,0,0.0,0.4073165550382095,0.8564118594888451,1.12185537815094,0,2.2678823471069336,-0.397594690322876,146.02034317015858,0.008999999612569809
1739521786,0,0.0,0.4073165550382095,0.8564118594888451,1.12185537815094,1,2.675882577896118,0.049108508974313736,160.41113339076662,0.008999999612569809
1739521787,0,0.0,0.20122468590134024,0.9713315104381883,1.2369205951690674,0,2.2625293731689453,-0.396481990814209,146.433065905981,0.10087704658508301
1739521787,0,0.0,0.20122468590134024,0.9713315104381883,1.2369205951690674,1,2.685058832168579,0.049212727695703506,159.63265045892467,0.10087704658508301
1739521787,0,0.0,0.15216509369025127,1.0004252392481907,1.265634536743164,0,2.2625296115875244,-0.39731737971305847,146.48258169451074,0.00800000037997961
1739521787,0,0.0,0.15216509369025127,1.0004252392481907,1.265634536743164,1,2.6822354793548584,0.04929327964782715,159.3972018086091,0.00800000037997961
1739521787,0,0.0,0.003458783590182604,0.9617495952307098,1.3178517818450928,0,2.261353015899658,-0.3979736864566803,148.94328826238694,0.010999999940395355
1739521787,0,0.0,0.003458783590182604,0.9617495952307098,1.3178517818450928,1,2.6853530406951904,0.049323394894599915,161.21081919181077,0.010999999940395355
1739521787,0,0.0,-0.07780073398770561,1.106365918255839,1.3900115489959717,0,2.2605884075164795,-0.39711838960647583,147.26071445618427,0.11176872253417969
1739521787,0,0.0,-0.07780073398770561,1.106365918255839,1.3900115489959717,1,2.6815292835235596,0.050794001668691635,159.065825532831,0.11176872253417969
1739521787,0,0.0,0.37161452988387467,0.8834988440189245,1.1423877477645874,0,2.2638823986053467,-0.39693892002105713,145.91503207926752,0.008999999612569809
1739521787,0,0.0,0.37161452988387467,0.8834988440189245,1.1423877477645874,1,2.685647487640381,0.05016262084245682,160.19489092806316,0.008999999612569809
1739521787,0,0.0,0.15581300429550118,1.0219738909432714,1.2686529159545898,0,2.258882522583008,-0.39753979444503784,145.9817400500419,0.007000000216066837
1739521787,0,0.0,0.15581300429550118,1.0219738909432714,1.2686529159545898,1,2.6793532371520996,0.05023953691124916,158.9399059983828,0.007000000216066837
1739521787,0,0.0,0.25489706085280067,0.9192199375111741,1.2001162767410278,0,2.2617650032043457,-0.39744141697883606,146.73201188531374,0.006000000052154064
1739521787,0,0.0,0.25489706085280067,0.9192199375111741,1.2001162767410278,1,2.679764747619629,0.04971526190638542,160.27327341065075,0.006000000052154064
1739521787,0,0.0,0.11022628147902547,1.0134977359415276,1.2879903316497803,0,2.265352964401245,-0.39756742119789124,146.7853010765796,0.00800000037997961
1739521787,0,0.0,0.11022628147902547,1.0134977359415276,1.2879903316497803,1,2.6732351779937744,0.049806397408246994,159.3937395145736,0.00800000037997961
1739521788,0,0.0,0.5038734590551638,0.8201026102844335,1.0702311992645264,0,2.264176607131958,-0.39764633774757385,145.32514838048797,0.10044550895690918
1739521788,0,0.0,0.5038734590551638,0.8201026102844335,1.0702311992645264,1,2.6834118366241455,0.04973664879798889,160.5338553777628,0.10044550895690918
1739521788,0,0.0,0.035621932744426876,0.9995557401352578,1.3123489618301392,0,2.258882761001587,-0.3954894542694092,147.89267142040876,0.006000000052154064
1739521788,0,0.0,0.035621932744426876,0.9995557401352578,1.3123489618301392,1,2.6791768074035645,0.04742921516299248,160.19255187921013,0.006000000052154064
1739521788,0,0.0,0.23626710676240303,0.9949242470113043,1.2267206907272339,0,2.2575297355651855,-0.39571288228034973,145.47186594907748,0.10112261772155762
1739521788,0,0.0,0.23626710676240303,0.9949242470113043,1.2267206907272339,1,2.678764820098877,0.04840404540300369,158.81758306079442,0.10112261772155762
1739521788,0,0.0,0.6552910324568312,0.7089265261912131,0.9756941795349121,0,2.2637648582458496,-0.39593935012817383,145.51470142205886,0.10285353660583496
1739521788,0,0.0,0.6552910324568312,0.7089265261912131,0.9756941795349121,1,2.6715292930603027,0.04464524984359741,161.7647230902789,0.10285353660583496
1739521788,0,0.0,0.1273064396021357,1.0678193065350965,1.293643832206726,0,2.260941505432129,-0.39562153816223145,145.55412893188904,0.00800000037997961
1739521788,0,0.0,0.1273064396021357,1.0678193065350965,1.293643832206726,1,2.6771764755249023,0.04295596480369568,158.10344023620445,0.00800000037997961
1739521788,0,0.0,0.46645944977977666,0.8567428453160373,1.0913703441619873,0,2.2556474208831787,-0.39352256059646606,145.05456207702207,0.10168600082397461
1739521788,0,0.0,0.46645944977977666,0.8567428453160373,1.0913703441619873,1,2.67758846282959,0.04143353924155235,159.75956300872036,0.10168600082397461
1739521788,0,0.0,0.3894967524905062,0.8756956604380779,1.1325290203094482,0,2.2637650966644287,-0.3961559534072876,145.8397472969718,0.008999999612569809
1739521788,0,0.0,0.3894967524905062,0.8756956604380779,1.1325290203094482,1,2.677823781967163,0.040471941232681274,159.94826356079787,0.008999999612569809
1739521788,0,0.0,0.1564693155166888,1.059104297174726,1.2801457643508911,0,2.263293981552124,-0.39567506313323975,145.37460942144654,0.013000000268220901
1739521788,0,0.0,0.1564693155166888,1.059104297174726,1.2801457643508911,1,2.669882297515869,0.039045583456754684,157.91042075693304,0.013000000268220901
1739521789,0,0.0,0.05273497768754603,0.9961946039090303,1.3017557859420776,0,2.25388240814209,-0.39420920610427856,147.72053324269223,0.11219358444213867
1739521789,0,0.0,0.05273497768754603,0.9961946039090303,1.3017557859420776,1,2.670470714569092,0.04196048155426979,159.9718601587524,0.11219358444213867
1739521789,0,0.0,0.43466868030159483,0.8679010248134515,1.1100314855575562,0,2.259470224380493,-0.3965272605419159,145.28141742144038,0.1022183895111084
1739521789,0,0.0,0.43466868030159483,0.8679010248134515,1.1100314855575562,1,2.68500018119812,0.04057720676064491,159.81428535406147,0.1022183895111084
1739521789,0,0.0,0.015747929581024035,1.1085980132383468,1.3508588075637817,0,2.259882688522339,-0.3957746624946594,146.16377810032446,0.11139130592346191
1739521789,0,0.0,0.015747929581024035,1.1085980132383468,1.3508588075637817,1,2.6804704666137695,0.042731642723083496,158.19901024632327,0.11139130592346191
1739521789,0,0.0,-0.1029330356499512,1.1225607251223542,1.4051063060760498,0,2.2615880966186523,-0.3961014747619629,147.28856289337477,0.11123132705688477
1739521789,0,0.0,-0.1029330356499512,1.1225607251223542,1.4051063060760498,1,2.6860592365264893,0.04441361129283905,158.86487969324597,0.11123132705688477
1739521789,0,0.0,0.7130381536961583,0.6802246453313607,0.943495512008667,0,2.2628235816955566,-0.3962976932525635,145.21512420886216,0.006000000052154064
1739521789,0,0.0,0.7130381536961583,0.6802246453313607,0.943495512008667,1,2.686000108718872,0.04411032795906067,162.12985302518524,0.006000000052154064
1739521790,0,0.0,0.3562085321003688,0.9530534855711619,1.1685501337051392,0,2.2649412155151367,-0.3955671787261963,144.75677151341534,0.00800000037997961
1739521790,0,0.0,0.3562085321003688,0.9530534855711619,1.1685501337051392,1,2.687882900238037,0.04645039513707161,158.7528918823585,0.00800000037997961
1739521790,0,0.0,0.3644846955248056,0.8960420211153747,1.149022102355957,0,2.2648825645446777,-0.3960473835468292,145.78803260923223,0.008999999612569809
1739521790,0,0.0,0.3644846955248056,0.8960420211153747,1.149022102355957,1,2.6845879554748535,0.04626009613275528,159.88378301610192,0.008999999612569809
1739521790,0,0.0,0.07683910540508657,1.0951832233321765,1.320936918258667,0,2.2574710845947266,-0.39623937010765076,145.63019344317135,0.009999999776482582
1739521790,0,0.0,0.07683910540508657,1.0951832233321765,1.320936918258667,1,2.679941415786743,0.04711267352104187,158.069118222014,0.009999999776482582
1739521790,0,0.0,-0.11688005026810068,1.0090217293044417,1.380455493927002,0,2.260235548019409,-0.3952401280403137,149.42787250487723,0.007000000216066837
1739521790,0,0.0,-0.11688005026810068,1.0090217293044417,1.380455493927002,1,2.6856472492218018,0.047040194272994995,161.0549598253932,0.007000000216066837
1739521790,0,0.0,0.04656271500298229,1.0459302981861331,1.3209829330444336,0,2.2604119777679443,-0.3958931863307953,146.92482931865405,0.007000000216066837
1739521790,0,0.0,0.04656271500298229,1.0459302981861331,1.3209829330444336,1,2.6837644577026367,0.04690532386302948,159.25230626751406,0.007000000216066837
1739521790,0,0.0,0.1797775606709187,1.03764260563035,1.2623077630996704,0,2.2582943439483643,-0.3953442871570587,145.41654743729038,0.00800000037997961
1739521790,0,0.0,0.1797775606709187,1.03764260563035,1.2623077630996704,1,2.6895883083343506,0.04854000359773636,158.4908732223372,0.00800000037997961
1739521790,0,0.0,0.09941328598306036,1.1048811102523872,1.3159698247909546,0,2.260999917984009,-0.3966679871082306,145.2141711219226,0.00800000037997961
1739521790,0,0.0,0.09941328598306036,1.1048811102523872,1.3159698247909546,1,2.6824703216552734,0.04893278703093529,157.7653586041111,0.00800000037997961
1739521790,0,0.0,0.30775814713243316,0.9337599230237198,1.1821218729019165,0,2.2628238201141357,-0.39566367864608765,145.78471982852966,0.10051107406616211
1739521790,0,0.0,0.30775814713243316,0.9337599230237198,1.1821218729019165,1,2.6781764030456543,0.04729935899376869,159.49581191664305,0.10051107406616211
1739521790,0,0.0,0.6960754906780414,0.7817443365163308,0.9793800115585327,0,2.2618236541748047,-0.3951895236968994,143.0687280864761,0.007000000216066837
1739521790,0,0.0,0.6960754906780414,0.7817443365163308,0.9793800115585327,1,2.6805293560028076,0.04780647158622742,159.70340099920494,0.007000000216066837
1739521790,0,0.0,-0.12197882002563669,1.2099408914776562,1.4362800121307373,0,2.2604119777679443,-0.39499378204345703,146.03320755403848,0.1006629467010498
1739521790,0,0.0,-0.12197882002563669,1.2099408914776562,1.4362800121307373,1,2.677823543548584,0.04766387119889259,157.4552822813661,0.1006629467010498
1739521791,0,0.0,0.1013960720864036,0.9477430661401929,1.2730941772460938,0,2.2628235816955566,-0.3981046974658966,148.09087535755847,0.007000000216066837
1739521791,0,0.0,0.1013960720864036,0.9477430661401929,1.2730941772460938,1,2.68500018119812,0.046914536505937576,160.77780416557604,0.007000000216066837
1739521791,0,0.0,0.013093104885388446,1.0711163270166515,1.3436692953109741,0,2.2635295391082764,-0.39766693115234375,146.8688830315769,0.11383652687072754
1739521791,0,0.0,0.013093104885388446,1.0711163270166515,1.3436692953109741,1,2.676823377609253,0.047356948256492615,158.97658605152228,0.11383652687072754
1739521791,0,0.0,-0.05954531355382824,1.1956362730539976,1.4085413217544556,0,2.2638235092163086,-0.3974463939666748,145.56242851799638,0.00800000037997961
1739521791,0,0.0,-0.05954531355382824,1.1956362730539976,1.4085413217544556,1,2.6807057857513428,0.04847648739814758,157.2842011768441,0.00800000037997961
1739521791,0,0.0,0.2848678958760219,0.9668983644275668,1.2015143632888794,0,2.2634711265563965,-0.3968011438846588,145.42448232666646,0.1109614372253418
1739521791,0,0.0,0.2848678958760219,0.9668983644275668,1.2015143632888794,1,2.6748239994049072,0.04735265299677849,158.95555939030376,0.1109614372253418
1739521791,0,0.0,0.12554479155251555,1.0747850044169813,1.2988107204437256,0,2.265353202819824,-0.3979191482067108,145.46265238939435,0.008999999612569809
1739521791,0,0.0,0.12554479155251555,1.0747850044169813,1.2988107204437256,1,2.6816468238830566,0.04796411842107773,158.11400208577572,0.008999999612569809
1739521791,0,0.0,0.03414157667991762,1.0775924490708009,1.3353734016418457,0,2.2615883350372314,-0.3959641456604004,146.51356471376505,0.009999999776482582
1739521791,0,0.0,0.03414157667991762,1.0775924490708009,1.3353734016418457,1,2.687058925628662,0.04919422045350075,158.81127582071727,0.009999999776482582
1739521792,0,0.0,-0.16018910782219856,1.1286704181980254,1.4300891160964966,0,2.259823799133301,-0.3958481252193451,147.79059071254167,0.009999999776482582
1739521792,0,0.0,-0.16018910782219856,1.1286704181980254,1.4300891160964966,1,2.6831767559051514,0.04805248975753784,159.19076326050495,0.009999999776482582
1739521792,0,0.0,0.6256432163118526,0.7710659594051287,1.005082368850708,0,2.262941360473633,-0.3951316475868225,144.53888675112708,0.012000000104308128
1739521792,0,0.0,0.6256432163118526,0.7710659594051287,1.005082368850708,1,2.6832942962646484,0.04862401634454727,160.65380965246254,0.012000000104308128
1739521792,0,0.0,0.3006254288660359,0.9512474122013846,1.189211130142212,0,2.2614119052886963,-0.3949355185031891,145.52835569484094,0.006000000052154064
1739521792,0,0.0,0.3006254288660359,0.9512474122013846,1.189211130142212,1,2.6802353858947754,0.048793673515319824,159.23104875605478,0.006000000052154064
1739521792,0,0.0,-0.28293614513439985,1.2919707210859905,1.5257374048233032,0,2.2594709396362305,-0.39553192257881165,146.42609546789973,0.11823201179504395
1739521792,0,0.0,-0.28293614513439985,1.2919707210859905,1.5257374048233032,1,2.190941095352173,0.6369290947914124,105.88485303346428,0.11823201179504395
1739521792,0,0.0,-0.28293614513439985,1.2919707210859905,1.5257374048233032,2,2.6771178245544434,0.05075410008430481,157.25060947291007,0.11823201179504395
1739521792,0,0.0,0.4620300908910303,0.819335183904803,0.8724564909934998,0,2.1975295543670654,0.6383299827575684,105.70889454205185,0.00800000037997961
1739521792,0,0.0,0.4620300908910303,0.819335183904803,0.8724564909934998,1,2.2655296325683594,-0.39681294560432434,146.00715533936963,0.00800000037997961
1739521792,0,0.0,0.4620300908910303,0.819335183904803,0.8724564909934998,2,2.684882640838623,0.04920404404401779,160.89080723732795,0.00800000037997961
1739521792,0,0.0,0.5868290096328532,0.7606173196152901,0.805452287197113,0,2.193058967590332,0.6379845142364502,105.87071409497665,0.007000000216066837
1739521792,0,0.0,0.5868290096328532,0.7606173196152901,0.805452287197113,1,2.262294054031372,-0.3952402174472809,145.39926729224155,0.007000000216066837
1739521792,0,0.0,0.5868290096328532,0.7606173196152901,0.805452287197113,2,2.683941125869751,0.04985814541578293,161.27730696909435,0.007000000216066837
1739521792,0,0.0,0.43967617394224945,0.8425954064473807,1.102275013923645,0,2.263235569000244,-0.3962235450744629,145.81011872291222,0.010999999940395355
1739521792,0,0.0,0.43967617394224945,0.8425954064473807,1.102275013923645,1,2.685941457748413,0.049092091619968414,160.54400327853185,0.010999999940395355
1739521792,0,0.0,0.4417337718597215,0.8142507586999262,1.09413480758667,0,2.2636470794677734,-0.3978368043899536,146.36486093621792,0.009999999776482582
1739521792,0,0.0,0.4417337718597215,0.8142507586999262,1.09413480758667,1,2.6784703731536865,0.049589693546295166,161.12625776249106,0.009999999776482582
1739521792,0,0.0,0.2981896384588472,0.9244759028969147,1.1885101795196533,0,2.2729413509368896,-0.3986194133758545,146.17768111360465,0.10611224174499512
1739521792,0,0.0,0.2981896384588472,0.9244759028969147,1.1885101795196533,1,2.677882432937622,0.04920577630400658,159.80607246029913,0.10611224174499512
1739521793,0,0.0,0.6563514010816056,0.7619303818147544,0.9909234046936035,0,2.264176607131958,-0.39678218960762024,144.22081110750972,0.10122227668762207
1739521793,0,0.0,0.6563514010816056,0.7619303818147544,0.9909234046936035,1,2.685882329940796,0.049122653901576996,160.64780867518698,0.10122227668762207
1739521793,0,0.0,0.6130212527855818,0.7633647042243644,1.0067564249038696,0,2.259352922439575,-0.39587047696113586,144.8493893986449,0.006000000052154064
1739521793,0,0.0,0.6130212527855818,0.7633647042243644,1.0067564249038696,1,2.687823534011841,0.04869629815220833,160.99366311293306,0.006000000052154064
1739521793,0,0.0,0.25577541199775883,0.9225071499281864,0.981971263885498,0,2.1975295543670654,0.628124475479126,105.43801787204623,0.10044574737548828
1739521793,0,0.0,0.25577541199775883,0.9225071499281864,0.981971263885498,1,2.269059181213379,-0.39860308170318604,146.72724533096317,0.10044574737548828
1739521793,0,0.0,0.25577541199775883,0.9225071499281864,0.981971263885498,2,2.685941457748413,0.048688460141420364,160.2228560694522,0.10044574737548828
1739521793,0,0.0,0.09147042931677865,1.0355373404708128,1.3017340898513794,0,2.2645881175994873,-0.39820119738578796,146.58472413408003,0.10285210609436035
1739521793,0,0.0,0.09147042931677865,1.0355373404708128,1.3017340898513794,1,2.685823678970337,0.049473077058792114,159.1891559339473,0.10285210609436035
1739521793,0,0.0,0.5966459667915573,0.7815870244842434,0.8051509261131287,0,2.199176549911499,0.6235755681991577,105.25438668562073,0.10361719131469727
1739521793,0,0.0,0.5966459667915573,0.7815870244842434,0.8051509261131287,1,2.266411781311035,-0.3978729248046875,144.76404987463485,0.10361719131469727
1739521793,0,0.0,0.5966459667915573,0.7815870244842434,0.8051509261131287,2,2.683000326156616,0.05026283860206604,160.68304260527455,0.10361719131469727
1739521793,0,0.0,0.33057516566971706,0.9108046841974727,0.944803774356842,0,2.198176383972168,0.623259425163269,105.33608412811256,0.10100650787353516
1739521793,0,0.0,0.33057516566971706,0.9108046841974727,0.944803774356842,1,2.677764892578125,0.051104918122291565,159.8838495728799,0.10100650787353516
1739521793,0,0.0,0.33057516566971706,0.9108046841974727,0.944803774356842,2,2.2637650966644287,-0.39627647399902344,145.93632788831798,0.10100650787353516
1739521793,0,0.0,0.24685447612748243,0.9982809964061315,0.9940545558929443,0,2.199117660522461,0.6224533319473267,105.3321721913646,0.00800000037997961
1739521793,0,0.0,0.24685447612748243,0.9982809964061315,0.9940545558929443,1,2.679705858230591,0.0512300580739975,158.73022508194245,0.00800000037997961
1739521793,0,0.0,0.24685447612748243,0.9982809964061315,0.9940545558929443,2,2.267117977142334,-0.4002411961555481,145.30718107007,0.00800000037997961
1739521793,0,0.0,0.08361471565309003,0.9747438093056775,1.2863234281539917,0,2.2594118118286133,-0.39799758791923523,147.75158843492764,0.007000000216066837
1739521793,0,0.0,0.08361471565309003,0.9747438093056775,1.2863234281539917,1,2.686000108718872,0.05057857185602188,160.44891193965802,0.007000000216066837
1739521793,0,0.0,0.5544341577016015,0.8000436590872746,1.1298631429672241,0,2.6856470108032227,0.048848312348127365,160.58381329918174,0.10041165351867676
1739521793,0,0.0,0.5544341577016015,0.8000436590872746,1.1298631429672241,1,2.2638823986053467,-0.3974124491214752,144.98903600263128,0.10041165351867676
1739521794,0,0.0,0.7986990042747181,0.6506432184021147,0.6982916593551636,0,2.1948235034942627,0.6148476004600525,105.11820427176937,0.007000000216066837
1739521794,0,0.0,0.7986990042747181,0.6506432184021147,0.6982916593551636,1,2.6815292835235596,0.05073128640651703,162.3269550967413,0.007000000216066837
1739521794,0,0.0,0.7986990042747181,0.6506432184021147,0.6982916593551636,2,2.2679998874664307,-0.3973105847835541,144.5022830302272,0.007000000216066837
1739521794,0,0.0,0.3127844385334591,0.9072788036964954,1.1731737852096558,0,2.263235569000244,-0.3969786465167999,146.2295404900266,0.01600000075995922
1739521794,0,0.0,0.3127844385334591,0.9072788036964954,1.1731737852096558,1,2.681941032409668,0.049877770245075226,160.10474015073888,0.01600000075995922
1739521794,0,0.0,0.7973427707993839,0.614794337124485,0.699769914150238,0,2.196882486343384,0.6154446601867676,105.11483534355051,0.007000000216066837
1739521794,0,0.0,0.7973427707993839,0.614794337124485,0.699769914150238,1,2.267470598220825,-0.3975706398487091,145.44777781480326,0.007000000216066837
1739521794,0,0.0,0.7973427707993839,0.614794337124485,0.699769914150238,2,2.6801767349243164,0.04868336021900177,163.26556360181064,0.007000000216066837
1739521794,0,0.0,0.48121074274641157,0.807193342732623,1.0745337009429932,0,2.2616472244262695,-0.3963581323623657,145.94182759300867,0.10188508033752441
1739521794,0,0.0,0.48121074274641157,0.807193342732623,1.0745337009429932,1,2.686058759689331,0.05030490458011627,161.05348803579784,0.10188508033752441
1739521794,0,0.0,0.5908242145148818,0.7417974092457841,1.0128024816513062,0,2.265352964401245,-0.39795219898223877,145.75926894041513,0.09973025321960449
1739521794,0,0.0,0.5908242145148818,0.7417974092457841,1.0128024816513062,1,2.684765100479126,0.049452658742666245,161.70394616565378,0.09973025321960449
1739521794,0,0.0,0.6844944943122315,0.7323304122325484,0.9729975461959839,0,2.269470691680908,-0.3967166244983673,144.5360866891875,0.007000000216066837
1739521794,0,0.0,0.6844944943122315,0.7323304122325484,0.9729975461959839,1,2.6822352409362793,0.05022687464952469,161.14817276151342,0.007000000216066837
1739521794,0,0.0,0.6784703031423749,0.7083467929483999,0.9649577736854553,0,2.2613532543182373,-0.39576175808906555,145.10306529088265,0.006000000052154064
1739521794,0,0.0,0.6784703031423749,0.7083467929483999,0.9649577736854553,1,2.6832942962646484,0.05012056604027748,161.82389510628258,0.006000000052154064
1739521794,0,0.0,0.9161203683673517,0.5833388859786172,0.8336864113807678,0,2.265058994293213,-0.39671042561531067,144.00033270724705,0.006000000052154064
1739521794,0,0.0,0.9161203683673517,0.5833388859786172,0.8336864113807678,1,2.6907060146331787,0.05015551298856735,163.27683453109356,0.006000000052154064
1739521795,0,0.0,0.7632002359524539,0.6698010395675495,0.9206427931785583,0,2.2635884284973145,-0.39751696586608887,144.5734276563396,0.006000000052154064
1739521795,0,0.0,0.7632002359524539,0.6698010395675495,0.9206427931785583,1,2.6821765899658203,0.04994240403175354,162.0987519469973,0.006000000052154064
1739521795,0,0.0,0.5371814388376246,0.7687935434397326,1.1304080486297607,0,2.6801764965057373,0.048472821712493896,161.42105995911814,0.10338878631591797
1739521795,0,0.0,0.5371814388376246,0.7687935434397326,1.1304080486297607,1,2.277176856994629,-0.399912029504776,146.1118620587571,0.10338878631591797
1739521795,0,0.0,0.6825174010276114,0.7296331620557015,0.9746134281158447,0,2.272000312805176,-0.39865297079086304,144.63116175397383,0.010999999940395355
1739521795,0,0.0,0.6825174010276114,0.7296331620557015,0.9746134281158447,1,2.680941343307495,0.04914310574531555,161.19560526625702,0.010999999940395355
1739521795,0,0.0,0.665434494078507,0.6466629223351366,1.053451418876648,0,2.685940980911255,0.0495084710419178,163.53511802328308,0.009999999776482582
1739521795,0,0.0,0.665434494078507,0.6466629223351366,1.053451418876648,1,2.2719409465789795,-0.40000173449516296,146.91511297008842,0.009999999776482582
1739521795,0,0.0,0.3588306338357174,0.8781367023787151,1.2357267141342163,0,2.686882495880127,0.04852408170700073,160.38622694719717,0.00800000037997961
1739521795,0,0.0,0.3588306338357174,0.8781367023787151,1.2357267141342163,1,2.2685883045196533,-0.3991183638572693,146.2252049284807,0.00800000037997961
1739521795,0,0.0,0.08581438181919233,0.9982397942425582,1.3786951303482056,0,2.6752355098724365,0.05055887997150421,159.89829559534573,0.10786819458007812
1739521795,0,0.0,0.08581438181919233,0.9982397942425582,1.3786951303482056,1,2.2657647132873535,-0.3997407853603363,147.32834890610658,0.10786819458007812
1739521795,0,0.0,0.6304930021149239,0.7499711897098655,1.002204418182373,0,2.2716474533081055,-0.40079665184020996,144.96208763716695,0.10051488876342773
1739521795,0,0.0,0.6304930021149239,0.7499711897098655,1.002204418182373,1,2.6852941513061523,0.04879378527402878,161.1583794797599,0.10051488876342773
1739521795,0,0.0,0.7376985040201197,0.6331829041011872,1.0135490894317627,0,2.6782352924346924,0.04714231565594673,163.1957250238341,0.10589480400085449
1739521795,0,0.0,0.7376985040201197,0.6331829041011872,1.0135490894317627,1,2.268117904663086,-0.40015101432800293,145.9729136958169,0.10589480400085449
1739521795,0,0.0,0.4407657963753084,0.8285287809002747,1.0990999937057495,0,2.2637059688568115,-0.3998737335205078,146.0256313830227,0.10425996780395508
1739521795,0,0.0,0.4407657963753084,0.8285287809002747,1.0990999937057495,1,2.680882215499878,0.047620419412851334,160.7813590114742,0.10425996780395508
1739521795,0,0.0,0.5338843014056852,0.7580307958263571,1.1313525438308716,0,2.682117462158203,0.04744720458984375,161.697033313049,0.10311031341552734
1739521795,0,0.0,0.5338843014056852,0.7580307958263571,1.1313525438308716,1,2.270059108734131,-0.39974266290664673,146.30254012798054,0.10311031341552734
1739521796,0,0.0,0.9151099894143031,0.571678030885793,0.9222285747528076,0,2.6840591430664062,0.04933619499206543,163.54898889741054,0.010999999940395355
1739521796,0,0.0,0.9151099894143031,0.571678030885793,0.9222285747528076,1,2.2658824920654297,-0.39996856451034546,144.27153104298733,0.010999999940395355
1739521796,0,0.0,0.6840599425559748,0.7358275965327025,0.9754526019096375,0,2.269411563873291,-0.4011383056640625,144.3530614052441,0.11400341987609863
1739521796,0,0.0,0.6840599425559748,0.7358275965327025,0.9754526019096375,1,2.6750004291534424,0.0494367890059948,160.97800499185095,0.11400341987609863
1739521796,0,0.0,0.5117493393150468,0.783834316467036,1.1473020315170288,0,2.68570613861084,0.0495864637196064,161.33774628987516,0.009999999776482582
1739521796,0,0.0,0.5117493393150468,0.783834316467036,1.1473020315170288,1,2.262235403060913,-0.40096044540405273,145.9083812379344,0.009999999776482582
1739521796,0,0.0,0.5152205469047254,0.8152063966552405,1.1501795053482056,0,2.684058666229248,0.04853023588657379,160.53168912443456,0.004999999888241291
1739521796,0,0.0,0.5152205469047254,0.8152063966552405,1.1501795053482056,1,2.271470546722412,-0.40241631865501404,145.26610883189952,0.004999999888241291
1739521796,0,0.0,-0.09826801611731703,1.1865231094799897,1.50208580493927,0,2.681764841079712,0.04789949953556061,157.7273676988743,0.013000000268220901
1739521796,0,0.0,-0.09826801611731703,1.1865231094799897,1.50208580493927,1,2.2717061042785645,-0.40201008319854736,146.16706167353752,0.013000000268220901
1739521797,0,0.0,0.30144667248245116,0.9322927594526758,1.267250657081604,0,2.676823616027832,0.04839124530553818,159.58926277642547,0.00800000037997961
1739521797,0,0.0,0.30144667248245116,0.9322927594526758,1.267250657081604,1,2.277588129043579,-0.40035688877105713,146.005472341307,0.00800000037997961
1739521797,0,0.0,0.06913971595392358,0.9092559562424297,1.2821080684661865,0,2.2745883464813232,-0.39887291193008423,149.32633507446118,0.009999999776482582
1739521797,0,0.0,0.06913971595392358,0.9092559562424297,1.2821080684661865,1,2.681941270828247,0.04702781140804291,161.7370382392444,0.009999999776482582
1739521797,0,0.0,0.07492409584283978,1.0580082535044173,1.3179439306259155,0,2.2715296745300293,-0.39898499846458435,146.44395914958088,0.11372065544128418
1739521797,0,0.0,0.07492409584283978,1.0580082535044173,1.3179439306259155,1,2.6792943477630615,0.0501437671482563,158.84407533790937,0.11372065544128418
1739521797,0,0.0,-0.12281319454839734,1.1028722316586634,1.4138880968093872,0,2.273176670074463,-0.39897671341896057,147.9197845477704,0.008999999612569809
1739521797,0,0.0,-0.12281319454839734,1.1028722316586634,1.4138880968093872,1,2.677823543548584,0.04913045093417168,159.38115113349338,0.008999999612569809
1739521797,0,0.0,0.7700845534278533,0.692277497142716,0.930982232093811,0,2.279588460922241,-0.39781859517097473,144.16487093396154,0.006000000052154064
1739521797,0,0.0,0.7700845534278533,0.692277497142716,0.930982232093811,1,2.682941436767578,0.047079332172870636,161.36097679596492,0.006000000052154064
1739521797,0,0.0,-0.05739615961894385,1.1952144962397806,1.414976716041565,0,2.280235528945923,-0.399813711643219,145.69324318040682,0.1035315990447998
1739521797,0,0.0,-0.05739615961894385,1.1952144962397806,1.414976716041565,1,2.679941415786743,0.04789193719625473,157.2595838716799,0.1035315990447998
1739521797,0,0.0,-0.0687884760486714,1.0887971751477457,1.4695565700531006,0,2.6800591945648193,0.04849798232316971,159.2708917972826,0.10790777206420898
1739521797,0,0.0,-0.0687884760486714,1.0887971751477457,1.4695565700531006,1,2.275294065475464,-0.4004557430744171,147.57120741407283,0.10790777206420898
1739521797,0,0.0,0.464937290278922,0.9001516199254834,1.1874148845672607,0,2.6811766624450684,0.04686421528458595,158.94250082897923,0.006000000052154064
1739521797,0,0.0,0.464937290278922,0.9001516199254834,1.1874148845672607,1,2.277294158935547,-0.3993677496910095,144.3582345768631,0.006000000052154064
1739521797,0,0.0,0.24669985456621296,0.9357608524112504,1.2949000597000122,0,2.6794705390930176,0.04767753556370735,159.94538203274035,0.007000000216066837
1739521797,0,0.0,0.24669985456621296,0.9357608524112504,1.2949000597000122,1,2.279412031173706,-0.39987146854400635,146.6923214876994,0.007000000216066837
1739521798,0,0.0,0.4602986064342126,0.815018496766695,1.0945031642913818,0,2.280588150024414,-0.40083298087120056,146.25929526880137,0.10102367401123047
1739521798,0,0.0,0.4602986064342126,0.815018496766695,1.0945031642913818,1,2.686823606491089,0.04939079284667969,161.02361489668462,0.10102367401123047
1739521798,0,0.0,0.8404879175900917,0.6028092036629409,0.8769897222518921,0,2.2796471118927,-0.3998197615146637,145.13596439113743,0.10038638114929199
1739521798,0,0.0,0.8404879175900917,0.6028092036629409,0.8769897222518921,1,2.6831767559051514,0.04852848872542381,163.2587155809754,0.10038638114929199
1739521798,0,0.0,-0.04301102249113338,0.9938353493118687,1.3500782251358032,0,2.2699410915374756,-0.39939719438552856,148.9368727221762,0.004999999888241291
1739521798,0,0.0,-0.04301102249113338,0.9938353493118687,1.3500782251358032,1,2.6814117431640625,0.04954473301768303,160.88357691314746,0.004999999888241291
1739521798,0,0.0,0.5360300180919884,0.7135027585566043,1.121802806854248,0,2.6794703006744385,0.05060731992125511,162.8148851552513,0.00800000037997961
1739521798,0,0.0,0.5360300180919884,0.7135027585566043,1.121802806854248,1,2.2788238525390625,-0.4003206491470337,147.41726374167746,0.00800000037997961
1739521798,0,0.0,0.34641579605939454,0.9015891284333907,1.165845274925232,0,2.2821178436279297,-0.39834877848625183,146.1163141865009,0.007000000216066837
1739521798,0,0.0,0.34641579605939454,0.9015891284333907,1.165845274925232,1,2.6834704875946045,0.04992978647351265,159.97746729890127,0.007000000216066837
1739521798,0,0.0,0.46339196290309603,0.7666498693466788,1.079005479812622,0,2.2797062397003174,-0.3986886441707611,147.3159642341445,0.012000000104308128
1739521798,0,0.0,0.46339196290309603,0.7666498693466788,1.079005479812622,1,2.6784708499908447,0.04957398772239685,162.0619487150247,0.012000000104308128
1739521798,0,0.0,0.7106671392338137,0.7246180288226474,0.9664351344108582,0,2.2838828563690186,-0.39831554889678955,144.48142475985392,0.007000000216066837
1739521798,0,0.0,0.7106671392338137,0.7246180288226474,0.9664351344108582,1,2.675705909729004,0.0508667528629303,161.0747373040146,0.007000000216066837
1739521798,0,0.0,0.35987988971570883,0.8891821057331847,1.1555278301239014,0,2.279470920562744,-0.3977322578430176,146.16167707488972,0.10004138946533203
1739521798,0,0.0,0.35987988971570883,0.8891821057331847,1.1555278301239014,1,2.6825296878814697,0.050960980355739594,160.1559928444889,0.10004138946533203
1739521799,0,0.0,0.23179743871450303,0.9430748755458175,1.2224739789962769,0,2.276235342025757,-0.3978366255760193,146.7398233014918,0.10114192962646484
1739521799,0,0.0,0.23179743871450303,0.9430748755458175,1.2224739789962769,1,2.6784703731536865,0.05049232393503189,159.95728098827036,0.10114192962646484
1739521799,0,0.0,0.3748110644844853,0.8017552577416461,1.212749719619751,0,2.680941343307495,0.050216756761074066,161.94987021897083,0.11394524574279785
1739521799,0,0.0,0.3748110644844853,0.8017552577416461,1.212749719619751,1,2.276529312133789,-0.39757534861564636,147.76216092161272,0.11394524574279785
1739521799,0,0.0,0.31279535360033583,0.9338161888718971,1.1865077018737793,0,2.276411771774292,-0.3986300528049469,145.84046042012815,0.11091852188110352
1739521799,0,0.0,0.31279535360033583,0.9338161888718971,1.1865077018737793,1,2.6853530406951904,0.049822814762592316,159.56506486488217,0.11091852188110352
1739521799,0,0.0,0.41830078279267185,0.813067410410971,1.1973122358322144,0,2.6875295639038086,0.048327673226594925,161.3759650137855,0.1009223461151123
1739521799,0,0.0,0.41830078279267185,0.813067410410971,1.1973122358322144,1,2.280470848083496,-0.4001556932926178,146.91533949402483,0.1009223461151123
1739521799,0,0.0,0.6092854704791346,0.7807997462229063,1.10028076171875,0,2.6845295429229736,0.04879344254732132,160.57059103585786,0.012000000104308128
1739521799,0,0.0,0.6092854704791346,0.7807997462229063,1.10028076171875,1,2.282588481903076,-0.3986859917640686,144.82057543630148,0.012000000104308128
1739521799,0,0.0,0.4383615745818728,0.8718425554427489,1.2010897397994995,0,2.695235013961792,0.049049556255340576,159.9695574478538,0.0999152660369873
1739521799,0,0.0,0.4383615745818728,0.8718425554427489,1.2010897397994995,1,2.283353090286255,-0.3999718427658081,145.4202044188413,0.0999152660369873
1739521799,0,0.0,0.2759210406371298,0.8693784411328764,1.2723627090454102,0,2.684706211090088,0.048779916018247604,161.18761289151212,0.006000000052154064
1739521799,0,0.0,0.2759210406371298,0.8693784411328764,1.2723627090454102,1,2.2777061462402344,-0.39914587140083313,147.63770593863148,0.006000000052154064
1739521799,0,0.0,0.14657812407944132,0.9864222937123159,1.3504188060760498,0,2.6797056198120117,0.04951836168766022,159.70255433640162,0.006000000052154064
1739521799,0,0.0,0.14657812407944132,0.9864222937123159,1.3504188060760498,1,2.280411720275879,-0.3998672664165497,146.9893906211176,0.006000000052154064
1739521800,0,0.0,0.31846278740485917,0.8946064690864561,1.2543039321899414,0,2.680588722229004,0.04993245005607605,160.32342764672325,0.10403895378112793
1739521800,0,0.0,0.31846278740485917,0.8946064690864561,1.2543039321899414,1,2.2852942943573,-0.4006594717502594,146.63291396924026,0.10403895378112793
1739521800,0,0.0,0.7253274264846509,0.7295859576010738,0.9625751376152039,0,2.2842941284179688,-0.3999389708042145,144.07537971250395,0.010999999940395355
1739521800,0,0.0,0.7253274264846509,0.7295859576010738,0.9625751376152039,1,2.6833527088165283,0.04951495677232742,160.84661095901987,0.010999999940395355
1739521800,0,0.0,0.6159043416235077,0.80298037236185,1.101798415184021,0,2.685882329940796,0.047315020114183426,159.94490415328633,0.012000000104308128
1739521800,0,0.0,0.6159043416235077,0.80298037236185,1.101798415184021,1,2.278470993041992,-0.39716917276382446,144.17578077449568,0.012000000104308128
1739521800,0,0.0,0.5554086873438498,0.8094479820154293,1.051897406578064,0,2.278470754623413,-0.3976185619831085,144.98738424995202,0.10843229293823242
1739521800,0,0.0,0.5554086873438498,0.8094479820154293,1.051897406578064,1,2.6791768074035645,0.04885241016745567,160.29577965319862,0.10843229293823242
1739521800,0,0.0,0.3490933483957981,0.94502833421462,1.1752420663833618,0,2.2779412269592285,-0.3982222080230713,145.14662921589684,0.008999999612569809
1739521800,0,0.0,0.3490933483957981,0.94502833421462,1.1752420663833618,1,2.6793532371520996,0.047928545624017715,158.9443708522952,0.008999999612569809
1739521800,0,0.0,0.3101781617601695,0.8880227675780178,1.1761187314987183,0,2.2797062397003174,-0.39804884791374207,146.85607967346203,0.007000000216066837
1739521800,0,0.0,0.3101781617601695,0.8880227675780178,1.1761187314987183,1,2.683941125869751,0.04907109960913658,160.53522211591067,0.007000000216066837
1739521800,0,0.0,0.13261139795162724,1.0371130625109737,1.292160987854004,0,2.2818236351013184,-0.3980198800563812,146.26704718561538,0.006000000052154064
1739521800,0,0.0,0.13261139795162724,1.0371130625109737,1.292160987854004,1,2.680882692337036,0.049672774970531464,158.81894058562435,0.006000000052154064
1739521800,0,0.0,0.047826043272599886,0.9637765202858907,1.393520712852478,0,2.6800591945648193,0.047834865748882294,160.81356894418778,0.009999999776482582
1739521800,0,0.0,0.047826043272599886,0.9637765202858907,1.393520712852478,1,2.2730586528778076,-0.3959640860557556,148.57275468976968,0.009999999776482582
1739521800,0,0.0,0.008805641561447248,1.1185427423976426,1.4421485662460327,0,2.687999963760376,0.05032596364617348,158.26242407685035,0.10065436363220215
1739521800,0,0.0,0.008805641561447248,1.1185427423976426,1.4421485662460327,1,2.280529499053955,-0.3967554271221161,146.29569377334002,0.10065436363220215
1739521800,0,0.0,-0.1517428667540135,1.1050933623905017,1.5116775035858154,0,2.6813526153564453,0.04951513558626175,159.56519508841998,0.007000000216066837
1739521800,0,0.0,-0.1517428667540135,1.1050933623905017,1.5116775035858154,1,2.276411771774292,-0.39634501934051514,148.26961416813353,0.007000000216066837
1739521801,0,0.0,0.4216401762886133,0.8452013129722888,1.1992124319076538,0,2.6847057342529297,0.05086096376180649,160.6588289041899,0.10041952133178711
1739521801,0,0.0,0.4216401762886133,0.8452013129722888,1.1992124319076538,1,2.279412269592285,-0.39633551239967346,146.24545447458505,0.10041952133178711
1739521801,0,0.0,-0.1256715040852805,1.146770903566727,1.5083894729614258,0,2.684941291809082,0.05068207532167435,158.69510396774606,0.11640334129333496
1739521801,0,0.0,-0.1256715040852805,1.146770903566727,1.5083894729614258,1,2.2781765460968018,-0.39616408944129944,147.30519936051857,0.11640334129333496
1739521801,0,0.0,0.24172513532300416,0.9097481096287815,1.2929458618164062,0,2.681234836578369,0.05206061527132988,160.6292478975677,0.006000000052154064
1739521801,0,0.0,0.24172513532300416,0.9097481096287815,1.2929458618164062,1,2.2826473712921143,-0.39651578664779663,147.37928984179868,0.006000000052154064
1739521801,0,0.0,0.470719648889704,0.7799614959587161,1.167664647102356,0,2.6894707679748535,0.051328450441360474,161.81993221773203,0.007000000216066837
1739521801,0,0.0,0.470719648889704,0.7799614959587161,1.167664647102356,1,2.2819414138793945,-0.39653822779655457,146.99380249676753,0.007000000216066837
1739521801,0,0.0,0.16191405421366087,1.0174348253985575,1.347611665725708,0,2.6782352924346924,0.05184859409928322,159.0067277505273,0.11546707153320312
1739521801,0,0.0,0.16191405421366087,1.0174348253985575,1.347611665725708,1,2.286647081375122,-0.3977700173854828,146.33390700411897,0.11546707153320312
1739521801,0,0.0,-0.040212578125588684,1.0104912463599556,1.354060411453247,0,2.2745296955108643,-0.39517104625701904,148.73114932269752,0.11022114753723145
1739521801,0,0.0,-0.040212578125588684,1.0104912463599556,1.354060411453247,1,2.6771762371063232,0.052611470222473145,160.58244175553136,0.11022114753723145
1739521801,0,0.0,0.33662725655163295,0.8948329225835107,1.245656132698059,0,2.680823802947998,0.05139971897006035,160.21145729619255,0.008999999612569809
1739521801,0,0.0,0.33662725655163295,0.8948329225835107,1.245656132698059,1,2.2779412269592285,-0.39434343576431274,146.41289248569262,0.008999999612569809
1739521801,0,0.0,-0.08950389569879844,1.1392534490529513,1.4064548015594482,0,2.2698235511779785,-0.3924233913421631,147.00834183132116,0.013000000268220901
1739521801,0,0.0,-0.08950389569879844,1.1392534490529513,1.4064548015594482,1,2.6772353649139404,0.05366950109601021,158.5764746929861,0.013000000268220901
1739521802,0,0.0,-0.06204739738767136,1.1488145413725703,1.3984019756317139,0,2.2717061042785645,-0.3925184905529022,146.55713816251034,0.008999999612569809
1739521802,0,0.0,-0.06204739738767136,1.1488145413725703,1.3984019756317139,1,2.675588369369507,0.052079178392887115,158.16826701972204,0.008999999612569809
1739521802,0,0.0,0.04518043241859318,1.142980744524443,1.3546929359436035,0,2.2761175632476807,-0.3944492042064667,145.42768564449665,0.007000000216066837
1739521802,0,0.0,0.04518043241859318,1.142980744524443,1.3546929359436035,1,2.679647445678711,0.0521029531955719,157.5065750541445,0.007000000216066837
1739521802,0,0.0,0.6689915724903485,0.7405675737960621,0.983109176158905,0,2.276294231414795,-0.3919486105442047,144.8312198818611,0.010999999940395355
1739521802,0,0.0,0.6689915724903485,0.7405675737960621,0.983109176158905,1,2.6760590076446533,0.052654366940259933,161.08108278985276,0.010999999940395355
1739521802,0,0.0,0.18788404751039792,0.9941168177257858,1.2519173622131348,0,2.2730002403259277,-0.3920573890209198,146.38425040475332,0.010999999940395355
1739521802,0,0.0,0.18788404751039792,0.9941168177257858,1.2519173622131348,1,2.6792354583740234,0.05255579948425293,159.2968250716273,0.010999999940395355
1739521802,0,0.0,0.11470249960643698,1.0321579926341184,1.2945531606674194,0,2.2779409885406494,-0.3904702365398407,146.66955293043083,0.009999999776482582
1739521802,0,0.0,0.11470249960643698,1.0321579926341184,1.2945531606674194,1,2.676764488220215,0.05340231955051422,159.09220650322627,0.009999999776482582
1739521802,0,0.0,0.12595213604536828,0.9945813065565868,1.277927041053772,0,2.27329421043396,-0.39153268933296204,147.15766905334598,0.10088324546813965
1739521802,0,0.0,0.12595213604536828,0.9945813065565868,1.277927041053772,1,2.669706106185913,0.052504509687423706,159.6779387654767,0.10088324546813965
1739521802,0,0.0,-0.0911363074887242,1.0437184394336672,1.3823490142822266,0,2.271059036254883,-0.3928010165691376,148.6950032877085,0.008999999612569809
1739521802,0,0.0,-0.0911363074887242,1.0437184394336672,1.3823490142822266,1,2.6763534545898438,0.05174516141414642,160.28039509366235,0.008999999612569809
1739521802,0,0.0,-0.19565433629258386,1.0795662205910492,1.4368045330047607,0,2.271294355392456,-0.39413416385650635,149.14684255675573,0.012000000104308128
1739521802,0,0.0,-0.19565433629258386,1.0795662205910492,1.4368045330047607,1,2.677764892578125,0.05248043313622475,160.33088696278804,0.012000000104308128
1739521803,0,0.0,0.7451898382263126,0.6564786029735801,1.0120511054992676,0,2.6762354373931885,0.049804914742708206,162.55892423399416,0.09970927238464355
1739521803,0,0.0,0.7451898382263126,0.6564786029735801,1.0120511054992676,1,2.2716472148895264,-0.3924081325531006,145.50556691612388,0.09970927238464355
1739521803,0,0.0,0.7076067010239432,0.7157393603534347,1.0447067022323608,0,2.6887059211730957,0.051740385591983795,161.4705508206361,0.006000000052154064
1739521803,0,0.0,0.7076067010239432,0.7157393603534347,1.0447067022323608,1,2.270353078842163,-0.39218151569366455,144.6649770166223,0.006000000052154064
1739521803,0,0.0,0.2011990476835918,0.9303130303329125,1.3137925863265991,0,2.677705764770508,0.05217941105365753,160.4762264531637,0.00800000037997961
1739521803,0,0.0,0.2011990476835918,0.9303130303329125,1.3137925863265991,1,2.2699413299560547,-0.39303067326545715,147.39355668077312,0.00800000037997961
1739521803,0,0.0,0.5401628513126034,0.7010789167070415,1.119482159614563,0,2.6823527812957764,0.04993881657719612,163.0928249600712,0.008999999612569809
1739521803,0,0.0,0.5401628513126034,0.7010789167070415,1.119482159614563,1,2.273176431655884,-0.39571303129196167,147.67104389818712,0.008999999612569809
1739521803,0,0.0,0.5146703665909002,0.8027541620970828,1.145373821258545,0,2.6791768074035645,0.05279656499624252,160.88983605300305,0.009999999776482582
1739521803,0,0.0,0.5146703665909002,0.8027541620970828,1.145373821258545,1,2.2697649002075195,-0.39550599455833435,145.67737472448468,0.009999999776482582
1739521803,0,0.0,0.4501696587801353,0.772218602969006,1.1727955341339111,0,2.6824703216552734,0.05205778405070305,162.11981950206678,0.008999999612569809
1739521803,0,0.0,0.4501696587801353,0.772218602969006,1.1727955341339111,1,2.2790589332580566,-0.39678406715393066,147.41380563180388,0.008999999612569809
1739521803,0,0.0,0.5790348862188471,0.6964731586492676,1.0117615461349487,0,2.2810001373291016,-0.3980405330657959,147.25540918778933,0.007000000216066837
1739521803,0,0.0,0.5790348862188471,0.6964731586492676,1.0117615461349487,1,2.683882713317871,0.05084676295518875,162.9474925093194,0.007000000216066837
1739521803,0,0.0,0.30712639585465024,0.7263076607707153,0.9421867728233337,0,2.1884117126464844,0.6184691190719604,105.28998528206903,0.007000000216066837
1739521803,0,0.0,0.30712639585465024,0.7263076607707153,0.9421867728233337,1,2.681940793991089,0.049993738532066345,164.1037882506186,0.007000000216066837
1739521803,0,0.0,0.30712639585465024,0.7263076607707153,0.9421867728233337,2,2.276235580444336,-0.3996545076370239,150.23851849009048,0.007000000216066837
1739521803,0,0.0,0.07688916625404957,0.9304274748994844,1.2843034267425537,0,2.27541184425354,-0.3978191614151001,148.8615522479758,0.008999999612569809
1739521803,0,0.0,0.07688916625404957,0.9304274748994844,1.2843034267425537,1,2.6763529777526855,0.051811423152685165,161.32480047750778,0.008999999612569809
1739521803,0,0.0,0.6651764946719125,0.7458758564981139,0.9901026487350464,0,2.281588077545166,-0.397988885641098,144.71460437468795,0.00800000037997961
1739521803,0,0.0,0.6651764946719125,0.7458758564981139,0.9901026487350464,1,2.6821177005767822,0.052066072821617126,161.01723994195208,0.00800000037997961
1739521804,0,0.0,0.26750322185418307,0.7994160628652643,1.2641674280166626,0,2.6822354793548584,0.05005282536149025,162.7593290312821,0.008999999612569809
1739521804,0,0.0,0.26750322185418307,0.7994160628652643,1.2641674280166626,1,2.281646966934204,-0.39885038137435913,149.25048665901016,0.008999999612569809
1739521804,0,0.0,0.7031458401011282,0.6807468637962003,0.9601612687110901,0,2.2908823490142822,-0.3994065523147583,145.77214437767245,0.00800000037997961
1739521804,0,0.0,0.7031458401011282,0.6807468637962003,0.9601612687110901,1,2.6822352409362793,0.05080161988735199,162.3436985840334,0.00800000037997961
1739521804,0,0.0,0.44489315774702015,0.7717480487886382,1.088087558746338,0,2.280235528945923,-0.39754921197891235,147.49877387108367,0.10011672973632812
1739521804,0,0.0,0.44489315774702015,0.7717480487886382,1.088087558746338,1,2.6824116706848145,0.04987630248069763,162.11917936046004,0.10011672973632812
1739521804,0,0.0,0.5234253738495204,0.7343098214315749,1.131559133529663,0,2.6805293560028076,0.049760978668928146,162.39335998292938,0.10164737701416016
1739521804,0,0.0,0.5234253738495204,0.7343098214315749,1.131559133529663,1,2.2882351875305176,-0.39707452058792114,147.3368783361892,0.10164737701416016
1739521804,0,0.0,0.31920900544907027,0.8137061094744519,1.2416465282440186,0,2.6814122200012207,0.04771636798977852,162.03371820957017,0.008999999612569809
1739521804,0,0.0,0.31920900544907027,0.8137061094744519,1.2416465282440186,1,2.2862942218780518,-0.3957989513874054,148.4138176817741,0.008999999612569809
1739521804,0,0.0,0.4883506860280561,0.7895366779240723,1.154072642326355,0,2.674470901489258,0.04898767173290253,161.28617119363636,0.006000000052154064
1739521804,0,0.0,0.4883506860280561,0.7895366779240723,1.154072642326355,1,2.2848823070526123,-0.39580294489860535,146.58343700614998,0.006000000052154064
1739521804,0,0.0,0.57885192744563,0.7582075515403638,1.1115163564682007,0,2.6862354278564453,0.050528790801763535,161.43747526882794,0.009999999776482582
1739521804,0,0.0,0.57885192744563,0.7582075515403638,1.1115163564682007,1,2.281470775604248,-0.39359283447265625,145.9221395431838,0.009999999776482582
1739521804,0,0.0,0.3271849960767327,0.8858988488966185,1.247332215309143,0,2.6772358417510986,0.04887327179312706,160.3954538949053,0.10465598106384277
1739521804,0,0.0,0.3271849960767327,0.8858988488966185,1.247332215309143,1,2.2819411754608154,-0.3939812481403351,146.78515435506523,0.10465598106384277
1739521804,0,0.0,0.5195499490610526,0.7423764168814702,1.0490349531173706,0,2.283647060394287,-0.3933429419994354,147.22671142347764,0.009999999776482582
1739521804,0,0.0,0.5195499490610526,0.7423764168814702,1.0490349531173706,1,2.680941343307495,0.04935770854353905,162.22230765289626,0.009999999776482582
1739521805,0,0.0,0.4569245131690492,0.7625524954160149,1.0788681507110596,0,2.2802352905273438,-0.39129504561424255,147.67310406487445,0.007000000216066837
1739521805,0,0.0,0.4569245131690492,0.7625524954160149,1.0788681507110596,1,2.6741175651550293,0.04642733186483383,162.1002031036078,0.007000000216066837
1739521805,0,0.0,0.5304677665173326,0.7215116606124257,1.127449870109558,0,2.6800591945648193,0.040461208671331406,162.4203476439952,0.00800000037997961
1739521805,0,0.0,0.5304677665173326,0.7215116606124257,1.127449870109558,1,2.2910001277923584,-0.3925955593585968,147.67338744821203,0.00800000037997961
1739521805,0,0.0,0.6087539593022431,0.6915169379978849,0.9967582821846008,0,2.283764600753784,-0.38943058252334595,147.16432173335627,0.007000000216066837
1739521805,0,0.0,0.6087539593022431,0.6915169379978849,0.9967582821846008,1,2.6847057342529297,0.04048546031117439,162.58824854289074,0.007000000216066837
1739521805,0,0.0,0.37644312672635943,0.7705444352572896,1.208173394203186,0,2.6794118881225586,0.03906216472387314,162.37880974085215,0.09881448745727539
1739521805,0,0.0,0.37644312672635943,0.7705444352572896,1.208173394203186,1,2.280352830886841,-0.3913985788822174,148.60457006177555,0.09881448745727539
1739521805,0,0.0,-0.027250984420457706,0.9665577076026342,1.4346367120742798,0,2.6876471042633057,0.03808692470192909,161.11977236491776,0.006000000052154064
1739521805,0,0.0,-0.027250984420457706,0.9665577076026342,1.4346367120742798,1,2.2769412994384766,-0.39083340764045715,149.4978192381005,0.006000000052154064
1739521805,0,0.0,0.09082618914428052,0.8701564373017289,1.3564820289611816,0,2.672647476196289,0.03686587139964104,162.11235939398688,0.006000000052154064
1739521805,0,0.0,0.09082618914428052,0.8701564373017289,1.3564820289611816,1,2.273470401763916,-0.39094674587249756,149.9812417091599,0.006000000052154064
1739521805,0,0.0,0.21728850696690627,0.8094835499077999,1.1895554065704346,0,2.2718236446380615,-0.3901219666004181,149.72012521428482,0.1000967025756836
1739521805,0,0.0,0.21728850696690627,0.8094835499077999,1.1895554065704346,1,2.6742939949035645,0.03768923878669739,162.56145854199875,0.1000967025756836
1739521805,0,0.0,0.05971153938082159,0.9508580260820652,1.3850880861282349,0,2.6755294799804688,0.039061538875103,160.78296164199065,0.0979301929473877
1739521805,0,0.0,0.05971153938082159,0.9508580260820652,1.3850880861282349,1,2.2747058868408203,-0.39010778069496155,148.8091316324963,0.0979301929473877
1739521805,0,0.0,0.31150302070307795,0.7938993550445653,1.2442468404769897,0,2.682058334350586,0.036886245012283325,162.2896380921024,0.006000000052154064
1739521805,0,0.0,0.31150302070307795,0.7938993550445653,1.2442468404769897,1,2.2740001678466797,-0.38980937004089355,148.9031091104294,0.006000000052154064
1739521806,0,0.0,0.6464033675313641,0.726784097007514,1.070503830909729,0,2.673764705657959,0.03851088881492615,161.2480546357715,0.09903120994567871
1739521806,0,0.0,0.6464033675313641,0.726784097007514,1.070503830909729,1,2.2737061977386475,-0.3897569179534912,145.54481950731838,0.09903120994567871
1739521806,0,0.0,0.6723269388404627,0.7313137799940534,1.058580756187439,0,2.672706127166748,0.03787589445710182,160.88096148784393,0.006000000052154064
1739521806,0,0.0,0.6723269388404627,0.7313137799940534,1.058580756187439,1,2.2719411849975586,-0.3899286985397339,144.97163641973893,0.006000000052154064
1739521806,0,0.0,0.7315749090869931,0.6615292214749524,0.9362949728965759,0,2.279470682144165,-0.3923264145851135,145.75174717904952,0.004999999888241291
1739521806,0,0.0,0.7315749090869931,0.6615292214749524,0.9362949728965759,1,2.678999900817871,0.03763847425580025,162.23625487077854,0.004999999888241291
1739521806,0,0.0,0.521008427761581,0.7610067991095898,1.0520601272583008,0,2.2798826694488525,-0.3938455283641815,146.71165499633085,0.006000000052154064
1739521806,0,0.0,0.521008427761581,0.7610067991095898,1.0520601272583008,1,2.6570587158203125,0.0263640359044075,161.0205855032249,0.006000000052154064
1739521806,0,0.0,0.4381403214465609,0.7923381967778172,0.8812898993492126,0,2.192176342010498,0.6190028786659241,105.24715124534316,0.09728312492370605
1739521806,0,0.0,0.4381403214465609,0.7923381967778172,0.8812898993492126,1,2.280764579772949,-0.39465630054473877,147.21089414814247,0.09728312492370605
1739521806,0,0.0,0.4381403214465609,0.7923381967778172,0.8812898993492126,2,2.657529592514038,0.008752926252782345,160.55373481321743,0.09728312492370605
1739521806,0,0.0,0.4735978168894693,0.8111934079193369,0.8661577105522156,0,2.1953530311584473,0.6202073097229004,105.25933588001439,0.007000000216066837
1739521806,0,0.0,0.4735978168894693,0.8111934079193369,0.8661577105522156,1,2.279235601425171,-0.3952654302120209,146.25065280250902,0.007000000216066837
1739521806,0,0.0,0.4735978168894693,0.8111934079193369,0.8661577105522156,2,2.644470691680908,-0.01786462403833866,159.09810451665274,0.007000000216066837
1739521806,0,0.0,0.6077032799593276,0.8524731006161268,0.8042913675308228,0,2.1994707584381104,0.6204931139945984,105.15161431602219,0.09945273399353027
1739521806,0,0.0,0.6077032799593276,0.8524731006161268,0.8042913675308228,1,2.280588150024414,-0.39270204305648804,143.33865542872852,0.09945273399353027
1739521806,0,0.0,0.6077032799593276,0.8524731006161268,0.8042913675308228,2,2.6336472034454346,-0.04159871116280556,156.18759346295013,0.09945273399353027
1739521806,0,0.0,1.338740129872332,0.4199714861337461,0.4390944838523865,0,2.194117546081543,0.6188316941261292,105.29848632680878,0.007000000216066837
1739521806,0,0.0,1.338740129872332,0.4199714861337461,0.4390944838523865,1,2.283874988555908,-0.40358760952949524,138.9321886775672,0.007000000216066837
1739521806,0,0.0,1.338740129872332,0.4199714861337461,0.4390944838523865,2,2.631312608718872,-0.07378178834915161,159.09350720309297,0.007000000216066837
1739521806,0,0.0,0.7520421118772669,0.9832811729185386,1.0330959558486938,0,2.293529510498047,-0.3925698399543762,138.24956746463266,0.007000000216066837
1739521806,0,0.0,0.7520421118772669,0.9832811729185386,1.0330959558486938,1,2.6070001125335693,-0.044720809906721115,151.00515180004504,0.007000000216066837
1739521806,0,0.0,0.9006456221479666,1.0104575415929107,0.9914292693138123,0,2.2913124561309814,-0.40296870470046997,134.5349692045806,0.007000000216066837
1739521806,0,0.0,0.9006456221479666,1.0104575415929107,0.9914292693138123,1,2.5893001556396484,-0.09053836762905121,146.8958126020583,0.007000000216066837
1739521806,0,0.0,1.264507821579881,0.6295481385916043,0.7293301820755005,0,2.2939374446868896,-0.40387558937072754,134.88906382266435,0.006000000052154064
1739521806,0,0.0,1.264507821579881,0.6295481385916043,0.7293301820755005,1,2.5115714073181152,-0.14331567287445068,148.2115626754109,0.006000000052154064
1739521807,0,0.0,1.643717445242428,0.2622181956513668,0.39866527915000916,0,2.3420586585998535,0.6469980478286743,-151.14562322018074,0.09366369247436523
1739521807,0,0.0,1.643717445242428,0.2622181956513668,0.39866527915000916,1,2.284062385559082,-0.3974740207195282,134.14738172580437,0.09366369247436523
